{
    "anims": [
        {
            "key": "idleeagle-spritesheet",
            "type": "frame",
            "frames": [
                {
                    "key": "eagle-spritesheet",
                    "frame": 0,
                    "duration": 0,
                    "keyframe": false
                },
                {
                    "key": "eagle-spritesheet",
                    "frame": 1,
                    "duration": 0,
                    "keyframe": false
                },
                {
                    "key": "eagle-spritesheet",
                    "frame": 2,
                    "duration": 0,
                    "keyframe": false
                },
                {
                    "key": "eagle-spritesheet",
                    "frame": 3,
                    "duration": 0,
                    "keyframe": false
                }
            ],
            "frameRate": 8,
            "skipMissedFrames": true,
            "repeat": -1,
            "randomFrame": false
        }
    ],
    "globalTimeScale": 1,
    "meta": {
        "app": "Phaser Editor 2D v3",
        "contentType": "Phaser v3 Animations"
    },
    "settings": {
        "sourceLang": "JAVA_SCRIPT",
        "esModule": false,
        "generateCode": false
    }
}