{
    "section1": {
        "files": [
            {
                "url": "assets/Damage.png",
                "type": "image",
                "key": "Damage"
            },
            {
                "url": "assets/dino.png",
                "key": "dino",
                "type": "image"
            },
            {
                "url": "src/prefabs/DinoPrefab.js",
                "type": "script",
                "key": "DinoPrefab"
            },
            {
                "url": "src/animations/Eagle.json",
                "type": "animation",
                "key": "Eagle"
            },
            {
                "url": "assets/eagle-spritesheet.webp",
                "frameConfig": {
                    "frameWidth": 40,
                    "frameHeight": 41,
                    "startFrame": 0,
                    "endFrame": -1,
                    "spacing": 0,
                    "margin": 0
                },
                "type": "spritesheet",
                "key": "eagle-spritesheet"
            },
            {
                "url": "assets/Energy.png",
                "type": "image",
                "key": "Energy"
            },
            {
                "url": "assets/Healing.png",
                "type": "image",
                "key": "Healing"
            },
            {
                "url": "assets/Max Health.png",
                "type": "image",
                "key": "Max Health"
            },
            {
                "url": "src/scripts/MovementScript.js",
                "type": "script",
                "key": "MovementScript"
            },
            {
                "url": "src/prefabs/PrefabCard.js",
                "type": "script",
                "key": "PrefabCard"
            },
            {
                "url": "src/prefabs/PrefabStar.js",
                "type": "script",
                "key": "PrefabStar"
            },
            {
                "url": "assets/Rest.png",
                "type": "image",
                "key": "Rest"
            },
            {
                "url": "assets/stars.png",
                "frameConfig": {
                    "frameWidth": 128,
                    "frameHeight": 128,
                    "startFrame": 0,
                    "endFrame": 13,
                    "spacing": 0,
                    "margin": 0
                },
                "type": "spritesheet",
                "key": "stars"
            },
            {
                "url": "src/animations/Stars.json",
                "type": "animation",
                "key": "Stars"
            }
        ]
    },
    "meta": {
        "app": "Phaser Editor 2D - Asset Pack Editor",
        "contentType": "phasereditor2d.pack.core.AssetContentType",
        "url": "https://phasereditor2d.com",
        "version": 2,
        "showAllFilesInBlocks": false
    }
}